,track_id,track_name,first_artist,danceability,energy,key,loudness,mode,speechiness,acousticness,instrumentalness,liveness,valence,tempo,type,id,uri,track_href,analysis_url,duration_ms,time_signature
0,7K3BhSpAxZBznislvUMVtn,Last Night,Morgan Wallen,0.492,0.675,6,-5.456,1,0.0389,0.467,0.0,0.142,0.478,203.759,audio_features,7K3BhSpAxZBznislvUMVtn,spotify:track:7K3BhSpAxZBznislvUMVtn,https://api.spotify.com/v1/tracks/7K3BhSpAxZBznislvUMVtn,https://api.spotify.com/v1/audio-analysis/7K3BhSpAxZBznislvUMVtn,163855,4
1,0yLdNVWF3Srea0uzk55zFn,Flowers,Miley Cyrus,0.707,0.681,0,-4.325,1,0.0668,0.0632,5.15e-06,0.0322,0.646,117.999,audio_features,0yLdNVWF3Srea0uzk55zFn,spotify:track:0yLdNVWF3Srea0uzk55zFn,https://api.spotify.com/v1/tracks/0yLdNVWF3Srea0uzk55zFn,https://api.spotify.com/v1/audio-analysis/0yLdNVWF3Srea0uzk55zFn,200455,4
2,3OHfY25tqY28d16oZczHc8,Kill Bill,SZA,0.644,0.728,8,-5.75,1,0.0351,0.0543,0.169,0.161,0.43,88.993,audio_features,3OHfY25tqY28d16oZczHc8,spotify:track:3OHfY25tqY28d16oZczHc8,https://api.spotify.com/v1/tracks/3OHfY25tqY28d16oZczHc8,https://api.spotify.com/v1/audio-analysis/3OHfY25tqY28d16oZczHc8,153947,4
3,0V3wPSX9ygBnCm8psDIegu,Anti-Hero,Taylor Swift,0.637,0.643,4,-6.571,1,0.0519,0.13,1.8e-06,0.142,0.533,97.008,audio_features,0V3wPSX9ygBnCm8psDIegu,spotify:track:0V3wPSX9ygBnCm8psDIegu,https://api.spotify.com/v1/tracks/0V3wPSX9ygBnCm8psDIegu,https://api.spotify.com/v1/audio-analysis/0V3wPSX9ygBnCm8psDIegu,200690,4
4,2dHHgzDwk4BJdRwy9uXhTO,Creepin' (with The Weeknd & 21 Savage),Metro Boomin,0.715,0.62,1,-6.005,0,0.0484,0.417,0.0,0.0822,0.172,97.95,audio_features,2dHHgzDwk4BJdRwy9uXhTO,spotify:track:2dHHgzDwk4BJdRwy9uXhTO,https://api.spotify.com/v1/tracks/2dHHgzDwk4BJdRwy9uXhTO,https://api.spotify.com/v1/audio-analysis/2dHHgzDwk4BJdRwy9uXhTO,221520,4
5,0WtM2NBVQNNJLh6scP13H8,Calm Down (with Selena Gomez),Rema,0.801,0.806,11,-5.206,1,0.0381,0.382,0.000669,0.114,0.802,106.999,audio_features,0WtM2NBVQNNJLh6scP13H8,spotify:track:0WtM2NBVQNNJLh6scP13H8,https://api.spotify.com/v1/tracks/0WtM2NBVQNNJLh6scP13H8,https://api.spotify.com/v1/audio-analysis/0WtM2NBVQNNJLh6scP13H8,239318,4
6,2Ch7LmS7r2Gy2kc64wv3Bz,Die For You,The Weeknd,0.582,0.525,1,-7.163,0,0.0627,0.111,0.0,0.134,0.51,133.249,audio_features,2Ch7LmS7r2Gy2kc64wv3Bz,spotify:track:2Ch7LmS7r2Gy2kc64wv3Bz,https://api.spotify.com/v1/tracks/2Ch7LmS7r2Gy2kc64wv3Bz,https://api.spotify.com/v1/audio-analysis/2Ch7LmS7r2Gy2kc64wv3Bz,260253,4
7,1Lo0QY9cvc8sUB2vnIOxDT,Fast Car,Luke Combs,0.712,0.603,8,-5.52,1,0.0262,0.186,0.0,0.115,0.67,97.994,audio_features,1Lo0QY9cvc8sUB2vnIOxDT,spotify:track:1Lo0QY9cvc8sUB2vnIOxDT,https://api.spotify.com/v1/tracks/1Lo0QY9cvc8sUB2vnIOxDT,https://api.spotify.com/v1/audio-analysis/1Lo0QY9cvc8sUB2vnIOxDT,265493,4
8,4iZ4pt7kvcaH6Yo8UoZ4s2,Snooze,SZA,0.559,0.551,5,-7.231,1,0.132,0.141,0.0,0.11,0.392,143.008,audio_features,4iZ4pt7kvcaH6Yo8UoZ4s2,spotify:track:4iZ4pt7kvcaH6Yo8UoZ4s2,https://api.spotify.com/v1/tracks/4iZ4pt7kvcaH6Yo8UoZ4s2,https://api.spotify.com/v1/audio-analysis/4iZ4pt7kvcaH6Yo8UoZ4s2,201800,4
9,4uUG5RXrOk84mYEfFvj3cK,I'm Good (Blue),David Guetta,0.561,0.965,7,-3.673,0,0.0343,0.00383,7.07e-06,0.371,0.304,128.04,audio_features,4uUG5RXrOk84mYEfFvj3cK,spotify:track:4uUG5RXrOk84mYEfFvj3cK,https://api.spotify.com/v1/tracks/4uUG5RXrOk84mYEfFvj3cK,https://api.spotify.com/v1/audio-analysis/4uUG5RXrOk84mYEfFvj3cK,175238,4
10,3nqQXoyQOWXiESFLlDF1hG,Unholy (feat. Kim Petras),Sam Smith,0.714,0.472,2,-7.375,1,0.0864,0.013,4.51e-06,0.266,0.238,131.121,audio_features,3nqQXoyQOWXiESFLlDF1hG,spotify:track:3nqQXoyQOWXiESFLlDF1hG,https://api.spotify.com/v1/tracks/3nqQXoyQOWXiESFLlDF1hG,https://api.spotify.com/v1/audio-analysis/3nqQXoyQOWXiESFLlDF1hG,156943,4
11,5W4kiM2cUYBJXKRudNyxjW,You Proof,Morgan Wallen,0.732,0.839,9,-5.007,1,0.0345,0.265,0.0,0.602,0.629,119.724,audio_features,5W4kiM2cUYBJXKRudNyxjW,spotify:track:5W4kiM2cUYBJXKRudNyxjW,https://api.spotify.com/v1/tracks/5W4kiM2cUYBJXKRudNyxjW,https://api.spotify.com/v1/audio-analysis/5W4kiM2cUYBJXKRudNyxjW,157478,4
12,7lNmcW2wW6ciV9Rhh8YOMe,Something in the Orange - Z&E's Version,Zach Bryan,0.594,0.382,7,-5.432,1,0.0292,0.416,0.0,0.117,0.223,110.237,audio_features,7lNmcW2wW6ciV9Rhh8YOMe,spotify:track:7lNmcW2wW6ciV9Rhh8YOMe,https://api.spotify.com/v1/tracks/7lNmcW2wW6ciV9Rhh8YOMe,https://api.spotify.com/v1/audio-analysis/7lNmcW2wW6ciV9Rhh8YOMe,254258,4
13,1bDbXMyjaUIooNwFE9wn0N,Rich Flex,Drake,0.561,0.52,11,-9.342,0,0.244,0.0503,1.86e-06,0.355,0.424,153.15,audio_features,1bDbXMyjaUIooNwFE9wn0N,spotify:track:1bDbXMyjaUIooNwFE9wn0N,https://api.spotify.com/v1/tracks/1bDbXMyjaUIooNwFE9wn0N,https://api.spotify.com/v1/audio-analysis/1bDbXMyjaUIooNwFE9wn0N,239360,3
14,4LRPiXqCikLlN15c3yImP7,As It Was,Harry Styles,0.52,0.731,6,-5.338,0,0.0557,0.342,0.00101,0.311,0.662,173.93,audio_features,4LRPiXqCikLlN15c3yImP7,spotify:track:4LRPiXqCikLlN15c3yImP7,https://api.spotify.com/v1/tracks/4LRPiXqCikLlN15c3yImP7,https://api.spotify.com/v1/audio-analysis/4LRPiXqCikLlN15c3yImP7,167303,4
15,1nPtZ8OtmKeyYZhbMAYbQP,Rock and A Hard Place,Bailey Zimmerman,0.582,0.568,1,-7.3,1,0.0275,0.577,0.0,0.105,0.394,121.991,audio_features,1nPtZ8OtmKeyYZhbMAYbQP,spotify:track:1nPtZ8OtmKeyYZhbMAYbQP,https://api.spotify.com/v1/tracks/1nPtZ8OtmKeyYZhbMAYbQP,https://api.spotify.com/v1/audio-analysis/1nPtZ8OtmKeyYZhbMAYbQP,207541,3
16,5IgjP7X4th6nMNDh4akUHb,Under The Influence,Chris Brown,0.733,0.69,9,-5.529,0,0.0427,0.0635,1.18e-06,0.105,0.31,116.992,audio_features,5IgjP7X4th6nMNDh4akUHb,spotify:track:5IgjP7X4th6nMNDh4akUHb,https://api.spotify.com/v1/tracks/5IgjP7X4th6nMNDh4akUHb,https://api.spotify.com/v1/audio-analysis/5IgjP7X4th6nMNDh4akUHb,184613,4
17,1BxfuPKGuaTgP7aM0Bbdwr,Cruel Summer,Taylor Swift,0.552,0.702,9,-5.707,1,0.157,0.117,2.06e-05,0.105,0.564,169.994,audio_features,1BxfuPKGuaTgP7aM0Bbdwr,spotify:track:1BxfuPKGuaTgP7aM0Bbdwr,https://api.spotify.com/v1/tracks/1BxfuPKGuaTgP7aM0Bbdwr,https://api.spotify.com/v1/audio-analysis/1BxfuPKGuaTgP7aM0Bbdwr,178427,4
18,0PAcdVzhPO4gq1Iym9ESnK,Thinkin’ Bout Me,Morgan Wallen,0.656,0.757,3,-5.775,0,0.0308,0.492,0.0,0.117,0.429,139.971,audio_features,0PAcdVzhPO4gq1Iym9ESnK,spotify:track:0PAcdVzhPO4gq1Iym9ESnK,https://api.spotify.com/v1/tracks/0PAcdVzhPO4gq1Iym9ESnK,https://api.spotify.com/v1/audio-analysis/0PAcdVzhPO4gq1Iym9ESnK,177388,4
19,6AQbmUe0Qwf5PZnt4HmTXv,Boy's a liar Pt. 2,PinkPantheress,0.696,0.809,5,-8.254,1,0.05,0.252,0.000128,0.248,0.857,132.962,audio_features,6AQbmUe0Qwf5PZnt4HmTXv,spotify:track:6AQbmUe0Qwf5PZnt4HmTXv,https://api.spotify.com/v1/tracks/6AQbmUe0Qwf5PZnt4HmTXv,https://api.spotify.com/v1/audio-analysis/6AQbmUe0Qwf5PZnt4HmTXv,131013,4
20,1SRw5p2lVAi7RGlHEmZg66,Favorite Song,Toosii,0.816,0.367,2,-9.354,1,0.0588,0.314,0.0,0.0987,0.413,116.035,audio_features,1SRw5p2lVAi7RGlHEmZg66,spotify:track:1SRw5p2lVAi7RGlHEmZg66,https://api.spotify.com/v1/tracks/1SRw5p2lVAi7RGlHEmZg66,https://api.spotify.com/v1/audio-analysis/1SRw5p2lVAi7RGlHEmZg66,208630,4
21,3Qu3Zh4WTKhP9GEXo0aDnb,Thought You Should Know,Morgan Wallen,0.53,0.678,6,-6.16,1,0.0278,0.506,6.23e-06,0.138,0.508,140.05,audio_features,3Qu3Zh4WTKhP9GEXo0aDnb,spotify:track:3Qu3Zh4WTKhP9GEXo0aDnb,https://api.spotify.com/v1/tracks/3Qu3Zh4WTKhP9GEXo0aDnb,https://api.spotify.com/v1/audio-analysis/3Qu3Zh4WTKhP9GEXo0aDnb,215572,4
22,1brnLTvarI9D1hLP6z2Ar8,Thank God,Kane Brown,0.738,0.455,3,-8.735,1,0.0352,0.695,0.0,0.107,0.441,99.945,audio_features,1brnLTvarI9D1hLP6z2Ar8,spotify:track:1brnLTvarI9D1hLP6z2Ar8,https://api.spotify.com/v1/tracks/1brnLTvarI9D1hLP6z2Ar8,https://api.spotify.com/v1/audio-analysis/1brnLTvarI9D1hLP6z2Ar8,174560,4
23,0JXXNGljqupsJaZsgSbMZV,Sure Thing,Miguel,0.684,0.607,11,-8.127,0,0.1,0.0267,0.000307,0.191,0.498,81.001,audio_features,0JXXNGljqupsJaZsgSbMZV,spotify:track:0JXXNGljqupsJaZsgSbMZV,https://api.spotify.com/v1/tracks/0JXXNGljqupsJaZsgSbMZV,https://api.spotify.com/v1/audio-analysis/0JXXNGljqupsJaZsgSbMZV,195373,4
24,6T7FXSuXykeGktMLGp8WgE,All My Life (feat. J. Cole),Lil Durk,0.787,0.57,3,-5.881,1,0.225,0.0449,0.0,0.135,0.733,142.974,audio_features,6T7FXSuXykeGktMLGp8WgE,spotify:track:6T7FXSuXykeGktMLGp8WgE,https://api.spotify.com/v1/tracks/6T7FXSuXykeGktMLGp8WgE,https://api.spotify.com/v1/audio-analysis/6T7FXSuXykeGktMLGp8WgE,223879,4
25,3dnP0JxCgygwQH9Gm7q7nb,Ella Baila Sola,Eslabon Armado,0.668,0.758,5,-5.176,0,0.0332,0.483,1.89e-05,0.0837,0.834,147.989,audio_features,3dnP0JxCgygwQH9Gm7q7nb,spotify:track:3dnP0JxCgygwQH9Gm7q7nb,https://api.spotify.com/v1/tracks/3dnP0JxCgygwQH9Gm7q7nb,https://api.spotify.com/v1/audio-analysis/3dnP0JxCgygwQH9Gm7q7nb,165671,3
26,7KokYm8cMIXCsGVmUvKtqf,Karma,Taylor Swift,0.642,0.62,8,-7.091,1,0.0666,0.0734,0.0,0.483,0.0969,90.02,audio_features,7KokYm8cMIXCsGVmUvKtqf,spotify:track:7KokYm8cMIXCsGVmUvKtqf,https://api.spotify.com/v1/tracks/7KokYm8cMIXCsGVmUvKtqf,https://api.spotify.com/v1/audio-analysis/7KokYm8cMIXCsGVmUvKtqf,204852,4
27,4FyesJzVpA39hbYvcseO2d,Just Wanna Rock,Lil Uzi Vert,0.486,0.545,11,-7.924,1,0.0336,0.0652,0.00474,0.0642,0.0385,150.187,audio_features,4FyesJzVpA39hbYvcseO2d,spotify:track:4FyesJzVpA39hbYvcseO2d,https://api.spotify.com/v1/tracks/4FyesJzVpA39hbYvcseO2d,https://api.spotify.com/v1/audio-analysis/4FyesJzVpA39hbYvcseO2d,123891,4
28,1xzi1Jcr7mEi9K2RfzLOqS,CUFF IT,Beyoncé,0.78,0.689,7,-5.668,1,0.141,0.0368,9.69e-06,0.0698,0.642,115.042,audio_features,1xzi1Jcr7mEi9K2RfzLOqS,spotify:track:1xzi1Jcr7mEi9K2RfzLOqS,https://api.spotify.com/v1/tracks/1xzi1Jcr7mEi9K2RfzLOqS,https://api.spotify.com/v1/audio-analysis/1xzi1Jcr7mEi9K2RfzLOqS,225389,4
29,1kuGVB7EU95pJObxwvfwKS,vampire,Olivia Rodrigo,0.511,0.532,5,-5.745,1,0.0578,0.177,0.0,0.291,0.35,138.005,audio_features,1kuGVB7EU95pJObxwvfwKS,spotify:track:1kuGVB7EU95pJObxwvfwKS,https://api.spotify.com/v1/tracks/1kuGVB7EU95pJObxwvfwKS,https://api.spotify.com/v1/audio-analysis/1kuGVB7EU95pJObxwvfwKS,219724,4
30,4rXLjWdF2ZZpXCVTfWcshS,fukumean,Gunna,0.847,0.622,1,-6.747,0,0.0903,0.119,0.0,0.285,0.22,130.001,audio_features,4rXLjWdF2ZZpXCVTfWcshS,spotify:track:4rXLjWdF2ZZpXCVTfWcshS,https://api.spotify.com/v1/tracks/4rXLjWdF2ZZpXCVTfWcshS,https://api.spotify.com/v1/audio-analysis/4rXLjWdF2ZZpXCVTfWcshS,125040,4
31,5jQI2r1RdgtuT8S3iG8zFC,Lavender Haze,Taylor Swift,0.733,0.436,10,-10.489,1,0.08,0.258,0.000573,0.157,0.0976,96.985,audio_features,5jQI2r1RdgtuT8S3iG8zFC,spotify:track:5jQI2r1RdgtuT8S3iG8zFC,https://api.spotify.com/v1/tracks/5jQI2r1RdgtuT8S3iG8zFC,https://api.spotify.com/v1/audio-analysis/5jQI2r1RdgtuT8S3iG8zFC,202396,4
32,6UN73IYd0hZxLi8wFPMQij,Players,Coi Leray,0.954,0.516,6,-5.817,1,0.16,0.03,7.54e-06,0.0504,0.624,105.001,audio_features,6UN73IYd0hZxLi8wFPMQij,spotify:track:6UN73IYd0hZxLi8wFPMQij,https://api.spotify.com/v1/tracks/6UN73IYd0hZxLi8wFPMQij,https://api.spotify.com/v1/audio-analysis/6UN73IYd0hZxLi8wFPMQij,139560,4
33,5twSy6ffBrF03mnNUsUgJZ,Need A Favor,Jelly Roll,0.504,0.771,6,-4.231,1,0.0319,0.0123,1.89e-05,0.078,0.555,157.985,audio_features,5twSy6ffBrF03mnNUsUgJZ,spotify:track:5twSy6ffBrF03mnNUsUgJZ,https://api.spotify.com/v1/tracks/5twSy6ffBrF03mnNUsUgJZ,https://api.spotify.com/v1/audio-analysis/5twSy6ffBrF03mnNUsUgJZ,197400,4
34,1vYXt7VSjH9JIM5oRRo7vA,Dance The Night - From Barbie The Album,Dua Lipa,0.671,0.845,11,-4.93,0,0.048,0.0207,0.0,0.329,0.775,110.056,audio_features,1vYXt7VSjH9JIM5oRRo7vA,spotify:track:1vYXt7VSjH9JIM5oRRo7vA,https://api.spotify.com/v1/tracks/1vYXt7VSjH9JIM5oRRo7vA,https://api.spotify.com/v1/audio-analysis/1vYXt7VSjH9JIM5oRRo7vA,176579,4
35,2kYevr8cbIAH2ha8210Bnz,Love You Anyway,Luke Combs,0.532,0.489,4,-7.419,1,0.0311,0.149,0.0,0.237,0.32,139.807,audio_features,2kYevr8cbIAH2ha8210Bnz,spotify:track:2kYevr8cbIAH2ha8210Bnz,https://api.spotify.com/v1/tracks/2kYevr8cbIAH2ha8210Bnz,https://api.spotify.com/v1/audio-analysis/2kYevr8cbIAH2ha8210Bnz,229627,4
36,1rXq0uoV4KTgRN64jXzIxo,One Thing At A Time,Morgan Wallen,0.613,0.914,7,-5.153,1,0.03,0.00522,2.21e-06,0.26,0.916,141.978,audio_features,1rXq0uoV4KTgRN64jXzIxo,spotify:track:1rXq0uoV4KTgRN64jXzIxo,https://api.spotify.com/v1/tracks/1rXq0uoV4KTgRN64jXzIxo,https://api.spotify.com/v1/audio-analysis/1rXq0uoV4KTgRN64jXzIxo,206865,4
37,0vjeOZ3Ft5jvAi9SBFJm1j,Superhero (Heroes & Villains) [with Future & Chris Brown],Metro Boomin,0.526,0.606,5,-5.3,0,0.259,0.152,2.36e-06,0.194,0.492,116.622,audio_features,0vjeOZ3Ft5jvAi9SBFJm1j,spotify:track:0vjeOZ3Ft5jvAi9SBFJm1j,https://api.spotify.com/v1/tracks/0vjeOZ3Ft5jvAi9SBFJm1j,https://api.spotify.com/v1/audio-analysis/0vjeOZ3Ft5jvAi9SBFJm1j,182667,4
38,5CM4UuQ9Gnd6K2YyKGPMoK,Bad Habit,Steve Lacy,0.686,0.507,1,-7.097,1,0.0357,0.626,7.51e-05,0.383,0.69,168.955,audio_features,5CM4UuQ9Gnd6K2YyKGPMoK,spotify:track:5CM4UuQ9Gnd6K2YyKGPMoK,https://api.spotify.com/v1/tracks/5CM4UuQ9Gnd6K2YyKGPMoK,https://api.spotify.com/v1/audio-analysis/5CM4UuQ9Gnd6K2YyKGPMoK,232115,4
39,2UW7JaomAMuX9pZrjVpHAU,La Bebe - Remix,Yng Lvcas,0.812,0.479,2,-5.678,0,0.333,0.213,1.21e-06,0.0756,0.559,169.922,audio_features,2UW7JaomAMuX9pZrjVpHAU,spotify:track:2UW7JaomAMuX9pZrjVpHAU,https://api.spotify.com/v1/tracks/2UW7JaomAMuX9pZrjVpHAU,https://api.spotify.com/v1/audio-analysis/2UW7JaomAMuX9pZrjVpHAU,234353,4
40,4yNk9iz9WVJikRFle3XEvn,golden hour,JVKE,0.515,0.593,4,-4.801,1,0.0322,0.653,0.162,0.25,0.153,94.467,audio_features,4yNk9iz9WVJikRFle3XEvn,spotify:track:4yNk9iz9WVJikRFle3XEvn,https://api.spotify.com/v1/tracks/4yNk9iz9WVJikRFle3XEvn,https://api.spotify.com/v1/audio-analysis/4yNk9iz9WVJikRFle3XEvn,209260,3
41,0bILU0UiNDmA5Ff6whhb2R,Religiously,Bailey Zimmerman,0.57,0.67,1,-6.519,1,0.0274,0.426,0.0,0.108,0.593,140.924,audio_features,0bILU0UiNDmA5Ff6whhb2R,spotify:track:0bILU0UiNDmA5Ff6whhb2R,https://api.spotify.com/v1/tracks/0bILU0UiNDmA5Ff6whhb2R,https://api.spotify.com/v1/audio-analysis/0bILU0UiNDmA5Ff6whhb2R,178723,4
42,2ZL7WZcjuYKi1KUDtp4kCC,Spin Bout U,Drake,0.773,0.701,7,-6.386,1,0.0512,0.01,0.0,0.163,0.203,129.963,audio_features,2ZL7WZcjuYKi1KUDtp4kCC,spotify:track:2ZL7WZcjuYKi1KUDtp4kCC,https://api.spotify.com/v1/tracks/2ZL7WZcjuYKi1KUDtp4kCC,https://api.spotify.com/v1/audio-analysis/2ZL7WZcjuYKi1KUDtp4kCC,214589,4
43,7FbrGaHYVDmfr7KoLIZnQ7,Cupid - Twin Ver.,FIFTY FIFTY,0.783,0.592,11,-8.332,0,0.0331,0.435,4.15e-06,0.347,0.726,120.018,audio_features,7FbrGaHYVDmfr7KoLIZnQ7,spotify:track:7FbrGaHYVDmfr7KoLIZnQ7,https://api.spotify.com/v1/tracks/7FbrGaHYVDmfr7KoLIZnQ7,https://api.spotify.com/v1/audio-analysis/7FbrGaHYVDmfr7KoLIZnQ7,174253,4
44,7aRCf5cLOFN1U7kvtChY1G,Search & Rescue,Drake,0.817,0.44,10,-8.482,0,0.0734,0.0603,1.42e-06,0.33,0.544,142.024,audio_features,7aRCf5cLOFN1U7kvtChY1G,spotify:track:7aRCf5cLOFN1U7kvtChY1G,https://api.spotify.com/v1/tracks/7aRCf5cLOFN1U7kvtChY1G,https://api.spotify.com/v1/audio-analysis/7aRCf5cLOFN1U7kvtChY1G,272113,4
45,741UUVE2kuITl0c6zuqqbO,Barbie World (with Aqua) [From Barbie The Album],Nicki Minaj,0.77,0.58,0,-8.393,1,0.247,0.519,0.000127,0.233,0.753,144.072,audio_features,741UUVE2kuITl0c6zuqqbO,spotify:track:741UUVE2kuITl0c6zuqqbO,https://api.spotify.com/v1/tracks/741UUVE2kuITl0c6zuqqbO,https://api.spotify.com/v1/audio-analysis/741UUVE2kuITl0c6zuqqbO,109750,4
46,39OclE5hZematADrdfaWvE,Next Thing You Know,Jordan Davis,0.549,0.608,5,-8.253,1,0.0481,0.682,0.0,0.0966,0.399,78.534,audio_features,39OclE5hZematADrdfaWvE,spotify:track:39OclE5hZematADrdfaWvE,https://api.spotify.com/v1/tracks/39OclE5hZematADrdfaWvE,https://api.spotify.com/v1/audio-analysis/39OclE5hZematADrdfaWvE,175227,4
47,5Z2MiIZ5I3jJvvmeWMLbOQ,Escapism.,RAYE,0.538,0.742,2,-5.355,1,0.114,0.138,4.67e-05,0.0934,0.25,96.107,audio_features,5Z2MiIZ5I3jJvvmeWMLbOQ,spotify:track:5Z2MiIZ5I3jJvvmeWMLbOQ,https://api.spotify.com/v1/tracks/5Z2MiIZ5I3jJvvmeWMLbOQ,https://api.spotify.com/v1/audio-analysis/5Z2MiIZ5I3jJvvmeWMLbOQ,272373,4
48,6pD0ufEQq0xdHSsRbg9LBK,un x100to,Grupo Frontera,0.569,0.724,6,-4.076,0,0.0474,0.228,0.0,0.27,0.562,83.118,audio_features,6pD0ufEQq0xdHSsRbg9LBK,spotify:track:6pD0ufEQq0xdHSsRbg9LBK,https://api.spotify.com/v1/tracks/6pD0ufEQq0xdHSsRbg9LBK,https://api.spotify.com/v1/audio-analysis/6pD0ufEQq0xdHSsRbg9LBK,194563,4
49,0T5iIrXA4p5GsubkhuBIKV,Until I Found You,Stephen Sanchez,0.539,0.508,10,-6.05,1,0.0288,0.727,0.0,0.174,0.227,101.358,audio_features,0T5iIrXA4p5GsubkhuBIKV,spotify:track:0T5iIrXA4p5GsubkhuBIKV,https://api.spotify.com/v1/tracks/0T5iIrXA4p5GsubkhuBIKV,https://api.spotify.com/v1/audio-analysis/0T5iIrXA4p5GsubkhuBIKV,177720,3
50,2wSTnntOPRi7aQneobFtU4,Shirt,SZA,0.848,0.512,3,-7.72,0,0.102,0.228,0.00232,0.0879,0.572,120.009,audio_features,2wSTnntOPRi7aQneobFtU4,spotify:track:2wSTnntOPRi7aQneobFtU4,https://api.spotify.com/v1/tracks/2wSTnntOPRi7aQneobFtU4,https://api.spotify.com/v1/audio-analysis/2wSTnntOPRi7aQneobFtU4,181840,4
51,2IGMVunIBsBLtEQyoI1Mu7,Paint The Town Red,Doja Cat,0.868,0.538,5,-8.603,1,0.174,0.269,3.34e-06,0.0901,0.732,99.968,audio_features,2IGMVunIBsBLtEQyoI1Mu7,spotify:track:2IGMVunIBsBLtEQyoI1Mu7,https://api.spotify.com/v1/tracks/2IGMVunIBsBLtEQyoI1Mu7,https://api.spotify.com/v1/audio-analysis/2IGMVunIBsBLtEQyoI1Mu7,231750,4
52,0QHEIqNKsMoOY5urbzN48u,Made You Look,Meghan Trainor,0.838,0.525,10,-3.562,1,0.0665,0.345,1.92e-06,0.0771,0.884,144.981,audio_features,0QHEIqNKsMoOY5urbzN48u,spotify:track:0QHEIqNKsMoOY5urbzN48u,https://api.spotify.com/v1/tracks/0QHEIqNKsMoOY5urbzN48u,https://api.spotify.com/v1/audio-analysis/0QHEIqNKsMoOY5urbzN48u,134256,4
53,7trjNYF5ek7zX4GKSHQZbP,wait in the truck (feat. Lainey Wilson),HARDY,0.534,0.466,6,-6.98,1,0.0272,0.277,0.0,0.0979,0.23,140.0,audio_features,7trjNYF5ek7zX4GKSHQZbP,spotify:track:7trjNYF5ek7zX4GKSHQZbP,https://api.spotify.com/v1/tracks/7trjNYF5ek7zX4GKSHQZbP,https://api.spotify.com/v1/audio-analysis/7trjNYF5ek7zX4GKSHQZbP,277660,4
54,0bYg9bo50gSsH3LtXe2SQn,All I Want for Christmas Is You,Mariah Carey,0.336,0.627,7,-7.463,1,0.0384,0.164,0.0,0.0708,0.35,150.273,audio_features,0bYg9bo50gSsH3LtXe2SQn,spotify:track:0bYg9bo50gSsH3LtXe2SQn,https://api.spotify.com/v1/tracks/0bYg9bo50gSsH3LtXe2SQn,https://api.spotify.com/v1/audio-analysis/0bYg9bo50gSsH3LtXe2SQn,241107,4
55,03fs6oV5JAlbytRYf3371S,Everything I Love,Morgan Wallen,0.568,0.841,8,-3.802,1,0.0261,0.00514,0.000503,0.147,0.668,103.983,audio_features,03fs6oV5JAlbytRYf3371S,spotify:track:03fs6oV5JAlbytRYf3371S,https://api.spotify.com/v1/tracks/03fs6oV5JAlbytRYf3371S,https://api.spotify.com/v1/audio-analysis/03fs6oV5JAlbytRYf3371S,187047,4
56,5w40ZYhbBMAlHYNDaVJIUu,Chemical,Post Malone,0.498,0.897,2,-4.907,1,0.045,0.00136,0.0,0.118,0.373,169.902,audio_features,5w40ZYhbBMAlHYNDaVJIUu,spotify:track:5w40ZYhbBMAlHYNDaVJIUu,https://api.spotify.com/v1/tracks/5w40ZYhbBMAlHYNDaVJIUu,https://api.spotify.com/v1/audio-analysis/5w40ZYhbBMAlHYNDaVJIUu,184013,4
57,5UNMyX2AzF8X90wAYAxG6Q,Heart Like A Truck,Lainey Wilson,0.587,0.632,9,-5.416,1,0.0311,0.148,1.01e-05,0.158,0.392,139.974,audio_features,5UNMyX2AzF8X90wAYAxG6Q,spotify:track:5UNMyX2AzF8X90wAYAxG6Q,https://api.spotify.com/v1/tracks/5UNMyX2AzF8X90wAYAxG6Q,https://api.spotify.com/v1/audio-analysis/5UNMyX2AzF8X90wAYAxG6Q,199040,4
58,67AdiJcurlf6gocGobfaXs,"Going, Going, Gone",Luke Combs,0.565,0.56,6,-6.034,1,0.0275,0.538,0.0,0.0961,0.325,159.931,audio_features,67AdiJcurlf6gocGobfaXs,spotify:track:67AdiJcurlf6gocGobfaXs,https://api.spotify.com/v1/tracks/67AdiJcurlf6gocGobfaXs,https://api.spotify.com/v1/audio-analysis/67AdiJcurlf6gocGobfaXs,177267,4
59,2EjXfH91m7f8HiJN1yQg97,Rockin' Around The Christmas Tree,Brenda Lee,0.589,0.472,8,-8.749,1,0.0502,0.614,0.0,0.505,0.898,67.196,audio_features,2EjXfH91m7f8HiJN1yQg97,spotify:track:2EjXfH91m7f8HiJN1yQg97,https://api.spotify.com/v1/tracks/2EjXfH91m7f8HiJN1yQg97,https://api.spotify.com/v1/audio-analysis/2EjXfH91m7f8HiJN1yQg97,126267,4
60,6Z1bV93BP95h4YjIavrQPf,Dancin’ In The Country,Tyler Hubbard,0.655,0.869,7,-4.807,1,0.0633,0.00408,0.0,0.104,0.541,114.984,audio_features,6Z1bV93BP95h4YjIavrQPf,spotify:track:6Z1bV93BP95h4YjIavrQPf,https://api.spotify.com/v1/tracks/6Z1bV93BP95h4YjIavrQPf,https://api.spotify.com/v1/audio-analysis/6Z1bV93BP95h4YjIavrQPf,179645,4
61,1odExI7RdWc4BT515LTAwj,Daylight,David Kushner,0.508,0.43,2,-9.475,0,0.0335,0.83,0.000441,0.093,0.324,130.09,audio_features,1odExI7RdWc4BT515LTAwj,spotify:track:1odExI7RdWc4BT515LTAwj,https://api.spotify.com/v1/tracks/1odExI7RdWc4BT515LTAwj,https://api.spotify.com/v1/audio-analysis/1odExI7RdWc4BT515LTAwj,212954,4
62,35ovElsgyAtQwYPYnZJECg,Lift Me Up - From Black Panther: Wakanda Forever - Music From and Inspired By,Rihanna,0.247,0.299,9,-6.083,1,0.0315,0.899,0.0,0.131,0.172,177.115,audio_features,35ovElsgyAtQwYPYnZJECg,spotify:track:35ovElsgyAtQwYPYnZJECg,https://api.spotify.com/v1/tracks/35ovElsgyAtQwYPYnZJECg,https://api.spotify.com/v1/audio-analysis/35ovElsgyAtQwYPYnZJECg,196520,4
63,07bsRv0pcpbG4zJeLsUs1p,Eyes Closed,Ed Sheeran,0.777,0.526,2,-6.221,1,0.0645,0.302,0.0,0.105,0.389,107.071,audio_features,07bsRv0pcpbG4zJeLsUs1p,spotify:track:07bsRv0pcpbG4zJeLsUs1p,https://api.spotify.com/v1/tracks/07bsRv0pcpbG4zJeLsUs1p,https://api.spotify.com/v1/audio-analysis/07bsRv0pcpbG4zJeLsUs1p,194849,4
64,0DWdj2oZMBFSzRsi2Cvfzf,TQG,KAROL G,0.72,0.63,4,-3.547,0,0.277,0.673,0.0,0.0936,0.607,179.974,audio_features,0DWdj2oZMBFSzRsi2Cvfzf,spotify:track:0DWdj2oZMBFSzRsi2Cvfzf,https://api.spotify.com/v1/tracks/0DWdj2oZMBFSzRsi2Cvfzf,https://api.spotify.com/v1/audio-analysis/0DWdj2oZMBFSzRsi2Cvfzf,199440,4
65,4ROknQyR1wOGPfmpTtB3z4,Try That In A Small Town,Jason Aldean,0.459,0.861,0,-3.762,0,0.0529,0.0474,5.38e-06,0.107,0.333,145.842,audio_features,4ROknQyR1wOGPfmpTtB3z4,spotify:track:4ROknQyR1wOGPfmpTtB3z4,https://api.spotify.com/v1/tracks/4ROknQyR1wOGPfmpTtB3z4,https://api.spotify.com/v1/audio-analysis/4ROknQyR1wOGPfmpTtB3z4,180034,4
66,3fl4zil6HJ0N1FL3YIRwdC,Tennessee Orange,Megan Moroney,0.38,0.488,9,-6.637,1,0.029,0.126,7.23e-06,0.115,0.268,156.031,audio_features,3fl4zil6HJ0N1FL3YIRwdC,spotify:track:3fl4zil6HJ0N1FL3YIRwdC,https://api.spotify.com/v1/tracks/3fl4zil6HJ0N1FL3YIRwdC,https://api.spotify.com/v1/audio-analysis/3fl4zil6HJ0N1FL3YIRwdC,223120,3
67,7vQbuQcyTflfCIOu3Uzzya,Jingle Bell Rock,Bobby Helms,0.754,0.424,2,-8.463,1,0.0363,0.643,0.0,0.0652,0.806,119.705,audio_features,7vQbuQcyTflfCIOu3Uzzya,spotify:track:7vQbuQcyTflfCIOu3Uzzya,https://api.spotify.com/v1/tracks/7vQbuQcyTflfCIOu3Uzzya,https://api.spotify.com/v1/audio-analysis/7vQbuQcyTflfCIOu3Uzzya,130973,4
68,0ZxhtATQ0a6EvQNZ0z6NKV,Princess Diana (with Nicki Minaj),Ice Spice,0.898,0.676,9,-5.196,1,0.187,0.14,0.0,0.101,0.742,147.991,audio_features,0ZxhtATQ0a6EvQNZ0z6NKV,spotify:track:0ZxhtATQ0a6EvQNZ0z6NKV,https://api.spotify.com/v1/tracks/0ZxhtATQ0a6EvQNZ0z6NKV,https://api.spotify.com/v1/audio-analysis/0ZxhtATQ0a6EvQNZ0z6NKV,172125,4
69,7KXVIAuw3m2hxZanrpSXS3,Tomorrow 2 (with Cardi B),GloRilla,0.791,0.818,0,-3.93,1,0.406,0.0695,0.0,0.114,0.693,159.922,audio_features,7KXVIAuw3m2hxZanrpSXS3,spotify:track:7KXVIAuw3m2hxZanrpSXS3,https://api.spotify.com/v1/tracks/7KXVIAuw3m2hxZanrpSXS3,https://api.spotify.com/v1/audio-analysis/7KXVIAuw3m2hxZanrpSXS3,209811,4
70,77khP2fIVhSW23NwxrRluh,A Holly Jolly Christmas,Burl Ives,0.683,0.375,0,-13.056,1,0.0303,0.579,0.0,0.076,0.888,140.467,audio_features,77khP2fIVhSW23NwxrRluh,spotify:track:77khP2fIVhSW23NwxrRluh,https://api.spotify.com/v1/tracks/77khP2fIVhSW23NwxrRluh,https://api.spotify.com/v1/audio-analysis/77khP2fIVhSW23NwxrRluh,135533,4
71,7ro0hRteUMfnOioTFI5TG1,WHERE SHE GOES,Bad Bunny,0.652,0.8,9,-4.019,0,0.0614,0.143,0.629,0.112,0.234,143.978,audio_features,7ro0hRteUMfnOioTFI5TG1,spotify:track:7ro0hRteUMfnOioTFI5TG1,https://api.spotify.com/v1/tracks/7ro0hRteUMfnOioTFI5TG1,https://api.spotify.com/v1/audio-analysis/7ro0hRteUMfnOioTFI5TG1,231704,4
72,0mzsLrUNazBaRfYZfjmpSV,Bebe Dame,Fuerza Regida,0.537,0.602,7,-4.631,1,0.0458,0.296,0.0,0.0715,0.753,157.437,audio_features,0mzsLrUNazBaRfYZfjmpSV,spotify:track:0mzsLrUNazBaRfYZfjmpSV,https://api.spotify.com/v1/tracks/0mzsLrUNazBaRfYZfjmpSV,https://api.spotify.com/v1/audio-analysis/0mzsLrUNazBaRfYZfjmpSV,271862,4
73,4KULAymBBJcPRpk1yO4dOG,I Remember Everything (feat. Kacey Musgraves),Zach Bryan,0.429,0.453,0,-7.746,1,0.0459,0.554,2e-06,0.102,0.155,77.639,audio_features,4KULAymBBJcPRpk1yO4dOG,spotify:track:4KULAymBBJcPRpk1yO4dOG,https://api.spotify.com/v1/tracks/4KULAymBBJcPRpk1yO4dOG,https://api.spotify.com/v1/audio-analysis/4KULAymBBJcPRpk1yO4dOG,227196,4
74,0O6u0VJ46W86TxN9wgyqDj,I Like You (A Happier Song) (with Doja Cat),Post Malone,0.733,0.67,5,-6.009,1,0.0751,0.121,0.0,0.121,0.472,100.964,audio_features,0O6u0VJ46W86TxN9wgyqDj,spotify:track:0O6u0VJ46W86TxN9wgyqDj,https://api.spotify.com/v1/tracks/0O6u0VJ46W86TxN9wgyqDj,https://api.spotify.com/v1/audio-analysis/0O6u0VJ46W86TxN9wgyqDj,192841,4
75,1O8zCu3dLLPxkbGfIsbRgE,What It Is (Block Boy) (with Kodak Black),Doechii,0.731,0.744,1,-5.77,0,0.174,0.109,0.0,0.123,0.727,171.859,audio_features,1O8zCu3dLLPxkbGfIsbRgE,spotify:track:1O8zCu3dLLPxkbGfIsbRgE,https://api.spotify.com/v1/tracks/1O8zCu3dLLPxkbGfIsbRgE,https://api.spotify.com/v1/audio-analysis/1O8zCu3dLLPxkbGfIsbRgE,223344,4
76,5Y35SjAfXjjG0sFQ3KOxmm,Nobody Gets Me,SZA,0.358,0.284,7,-8.285,1,0.0285,0.805,0.0,0.183,0.276,99.796,audio_features,5Y35SjAfXjjG0sFQ3KOxmm,spotify:track:5Y35SjAfXjjG0sFQ3KOxmm,https://api.spotify.com/v1/tracks/5Y35SjAfXjjG0sFQ3KOxmm,https://api.spotify.com/v1/audio-analysis/5Y35SjAfXjjG0sFQ3KOxmm,180853,3
77,78Du4CMFgnhdlG33gblkiP,Rich Men North of Richmond,Oliver Anthony Music,0.678,0.264,10,-12.384,1,0.0622,0.753,0.0,0.302,0.528,121.722,audio_features,78Du4CMFgnhdlG33gblkiP,spotify:track:78Du4CMFgnhdlG33gblkiP,https://api.spotify.com/v1/tracks/78Du4CMFgnhdlG33gblkiP,https://api.spotify.com/v1/audio-analysis/78Du4CMFgnhdlG33gblkiP,187244,4
78,4C6Uex2ILwJi9sZXRdmqXp,Super Freaky Girl,Nicki Minaj,0.95,0.891,2,-2.653,1,0.241,0.0645,1.77e-05,0.309,0.912,133.01,audio_features,4C6Uex2ILwJi9sZXRdmqXp,spotify:track:4C6Uex2ILwJi9sZXRdmqXp,https://api.spotify.com/v1/tracks/4C6Uex2ILwJi9sZXRdmqXp,https://api.spotify.com/v1/audio-analysis/4C6Uex2ILwJi9sZXRdmqXp,170977,4
79,22VHOlVYBqytsrAqV8yXBK,Dial Drunk (with Post Malone),Noah Kahan,0.667,0.613,8,-7.147,1,0.0313,0.121,0.0,0.113,0.681,112.046,audio_features,22VHOlVYBqytsrAqV8yXBK,spotify:track:22VHOlVYBqytsrAqV8yXBK,https://api.spotify.com/v1/tracks/22VHOlVYBqytsrAqV8yXBK,https://api.spotify.com/v1/audio-analysis/22VHOlVYBqytsrAqV8yXBK,213817,4
80,6wf7Yu7cxBSPrRlWeSeK0Q,"What Was I Made For? [From The Motion Picture ""Barbie""]",Billie Eilish,0.444,0.0911,0,-17.665,1,0.0307,0.959,1.05e-06,0.098,0.142,78.403,audio_features,6wf7Yu7cxBSPrRlWeSeK0Q,spotify:track:6wf7Yu7cxBSPrRlWeSeK0Q,https://api.spotify.com/v1/tracks/6wf7Yu7cxBSPrRlWeSeK0Q,https://api.spotify.com/v1/audio-analysis/6wf7Yu7cxBSPrRlWeSeK0Q,222370,4
81,7x9aauaA9cu6tyfpHnqDLo,Seven (feat. Latto) (Explicit Ver.),Jung Kook,0.802,0.832,11,-4.107,1,0.0434,0.311,0.0,0.0815,0.89,124.997,audio_features,7x9aauaA9cu6tyfpHnqDLo,spotify:track:7x9aauaA9cu6tyfpHnqDLo,https://api.spotify.com/v1/tracks/7x9aauaA9cu6tyfpHnqDLo,https://api.spotify.com/v1/audio-analysis/7x9aauaA9cu6tyfpHnqDLo,185427,4
82,59nOXPmaKlBfGMDeOVGrIK,WAIT FOR U (feat. Drake & Tems),Future,0.463,0.642,1,-4.474,1,0.34,0.314,0.0,0.0686,0.339,83.389,audio_features,59nOXPmaKlBfGMDeOVGrIK,spotify:track:59nOXPmaKlBfGMDeOVGrIK,https://api.spotify.com/v1/tracks/59nOXPmaKlBfGMDeOVGrIK,https://api.spotify.com/v1/audio-analysis/59nOXPmaKlBfGMDeOVGrIK,189893,4
83,2FRnf9qhLbvw8fu4IBXx78,Last Christmas,Wham!,0.735,0.478,2,-12.472,1,0.0293,0.189,2.48e-06,0.355,0.947,107.682,audio_features,2FRnf9qhLbvw8fu4IBXx78,spotify:track:2FRnf9qhLbvw8fu4IBXx78,https://api.spotify.com/v1/tracks/2FRnf9qhLbvw8fu4IBXx78,https://api.spotify.com/v1/audio-analysis/2FRnf9qhLbvw8fu4IBXx78,262960,4
84,6Qpfsw8OS5HW5XxgmXYLWS,Handle On You,Parker McCollum,0.588,0.931,6,-3.925,1,0.0318,0.00411,0.0,0.345,0.625,105.027,audio_features,6Qpfsw8OS5HW5XxgmXYLWS,spotify:track:6Qpfsw8OS5HW5XxgmXYLWS,https://api.spotify.com/v1/tracks/6Qpfsw8OS5HW5XxgmXYLWS,https://api.spotify.com/v1/audio-analysis/6Qpfsw8OS5HW5XxgmXYLWS,219333,4
85,2VzCjpKvPB1l1tqLndtAQa,Por las Noches,Peso Pluma,0.807,0.595,0,-7.19,1,0.0325,0.31,2.44e-05,0.0735,0.392,92.491,audio_features,2VzCjpKvPB1l1tqLndtAQa,spotify:track:2VzCjpKvPB1l1tqLndtAQa,https://api.spotify.com/v1/tracks/2VzCjpKvPB1l1tqLndtAQa,https://api.spotify.com/v1/audio-analysis/2VzCjpKvPB1l1tqLndtAQa,239845,4
86,5kB6WithhB8Iv08EMNmAbt,Memory Lane,Old Dominion,0.645,0.8,6,-4.272,1,0.0363,0.0189,1.12e-05,0.0858,0.375,118.977,audio_features,5kB6WithhB8Iv08EMNmAbt,spotify:track:5kB6WithhB8Iv08EMNmAbt,https://api.spotify.com/v1/tracks/5kB6WithhB8Iv08EMNmAbt,https://api.spotify.com/v1/audio-analysis/5kB6WithhB8Iv08EMNmAbt,172480,4
87,7sliFe6W30tPBPh6dvZsIH,Area Codes,Kaliii,0.823,0.388,1,-10.867,1,0.491,0.0187,0.0,0.0876,0.507,154.569,audio_features,7sliFe6W30tPBPh6dvZsIH,spotify:track:7sliFe6W30tPBPh6dvZsIH,https://api.spotify.com/v1/tracks/7sliFe6W30tPBPh6dvZsIH,https://api.spotify.com/v1/audio-analysis/7sliFe6W30tPBPh6dvZsIH,139326,4
88,4EKH0ajMHXTkq4ztWuztVH,Bury Me in Georgia,Kane Brown,0.376,0.835,2,-5.824,0,0.0655,0.0118,3.71e-06,0.471,0.511,160.069,audio_features,4EKH0ajMHXTkq4ztWuztVH,spotify:track:4EKH0ajMHXTkq4ztWuztVH,https://api.spotify.com/v1/tracks/4EKH0ajMHXTkq4ztWuztVH,https://api.spotify.com/v1/audio-analysis/4EKH0ajMHXTkq4ztWuztVH,242307,4
89,2mpoNBkngUEwnaKoBhZ0vl,PRC,Peso Pluma,0.784,0.826,7,-6.34,0,0.0538,0.0965,7.09e-05,0.123,0.893,138.078,audio_features,2mpoNBkngUEwnaKoBhZ0vl,spotify:track:2mpoNBkngUEwnaKoBhZ0vl,https://api.spotify.com/v1/tracks/2mpoNBkngUEwnaKoBhZ0vl,https://api.spotify.com/v1/audio-analysis/2mpoNBkngUEwnaKoBhZ0vl,184066,3
90,6vjZxvzdAeHp7jv3R398Xm,What My World Spins Around,Jordan Davis,0.686,0.733,2,-6.483,1,0.0401,0.111,0.0,0.153,0.7,124.882,audio_features,6vjZxvzdAeHp7jv3R398Xm,spotify:track:6vjZxvzdAeHp7jv3R398Xm,https://api.spotify.com/v1/tracks/6vjZxvzdAeHp7jv3R398Xm,https://api.spotify.com/v1/audio-analysis/6vjZxvzdAeHp7jv3R398Xm,186800,4
91,2YVlDlk2zRceefo6XlC6DX,Ain’t That Some,Morgan Wallen,0.641,0.803,6,-5.781,0,0.0286,0.00232,3.86e-06,0.361,0.671,121.086,audio_features,2YVlDlk2zRceefo6XlC6DX,spotify:track:2YVlDlk2zRceefo6XlC6DX,https://api.spotify.com/v1/tracks/2YVlDlk2zRceefo6XlC6DX,https://api.spotify.com/v1/audio-analysis/2YVlDlk2zRceefo6XlC6DX,158004,4
92,4RG7P0CXQ4pe0OeCAHjX5L,Wild as Her,Corey Kent,0.504,0.736,0,-6.079,1,0.0352,0.00216,0.0,0.129,0.46,148.014,audio_features,4RG7P0CXQ4pe0OeCAHjX5L,spotify:track:4RG7P0CXQ4pe0OeCAHjX5L,https://api.spotify.com/v1/tracks/4RG7P0CXQ4pe0OeCAHjX5L,https://api.spotify.com/v1/audio-analysis/4RG7P0CXQ4pe0OeCAHjX5L,199733,4
93,1KUZ33cOqk3X4Ezk0aZnVp,Peaches & Eggplants (feat. 21 Savage),Young Nudy,0.911,0.536,4,-7.884,0,0.282,0.00897,3.73e-06,0.111,0.584,146.014,audio_features,1KUZ33cOqk3X4Ezk0aZnVp,spotify:track:1KUZ33cOqk3X4Ezk0aZnVp,https://api.spotify.com/v1/tracks/1KUZ33cOqk3X4Ezk0aZnVp,https://api.spotify.com/v1/audio-analysis/1KUZ33cOqk3X4Ezk0aZnVp,203813,4
94,7phmBo7bB9I9YifAXqnlqV,I Wrote The Book,Morgan Wallen,0.692,0.808,2,-3.757,1,0.0396,0.0834,3.75e-05,0.0913,0.802,143.977,audio_features,7phmBo7bB9I9YifAXqnlqV,spotify:track:7phmBo7bB9I9YifAXqnlqV,https://api.spotify.com/v1/tracks/7phmBo7bB9I9YifAXqnlqV,https://api.spotify.com/v1/audio-analysis/7phmBo7bB9I9YifAXqnlqV,181767,4
95,4nrPB8O7Y7wsOCJdgXkthe,"Shakira: Bzrp Music Sessions, Vol. 53",Bizarrap,0.778,0.632,2,-5.6,0,0.0493,0.274,0.0,0.0915,0.498,122.104,audio_features,4nrPB8O7Y7wsOCJdgXkthe,spotify:track:4nrPB8O7Y7wsOCJdgXkthe,https://api.spotify.com/v1/tracks/4nrPB8O7Y7wsOCJdgXkthe,https://api.spotify.com/v1/audio-analysis/4nrPB8O7Y7wsOCJdgXkthe,218289,4
96,67nepsnrcZkowTxMWigSbb,MELTDOWN (feat. Drake),Travis Scott,0.557,0.774,7,-5.275,0,0.351,0.012,0.0,0.396,0.397,111.975,audio_features,67nepsnrcZkowTxMWigSbb,spotify:track:67nepsnrcZkowTxMWigSbb,https://api.spotify.com/v1/tracks/67nepsnrcZkowTxMWigSbb,https://api.spotify.com/v1/audio-analysis/67nepsnrcZkowTxMWigSbb,246134,4
97,6c6WmIHcHlhccEwSFBhzNa,Put It On Da Floor Again (feat. Cardi B),Latto,0.849,0.614,1,-7.323,1,0.317,0.0282,0.0,0.0603,0.472,111.363,audio_features,6c6WmIHcHlhccEwSFBhzNa,spotify:track:6c6WmIHcHlhccEwSFBhzNa,https://api.spotify.com/v1/tracks/6c6WmIHcHlhccEwSFBhzNa,https://api.spotify.com/v1/audio-analysis/6c6WmIHcHlhccEwSFBhzNa,185748,5
98,11BKm0j4eYoCPPpCONAVwA,Bloody Mary,Lady Gaga,0.591,0.637,9,-6.365,0,0.03,0.0107,1.95e-06,0.113,0.432,99.998,audio_features,11BKm0j4eYoCPPpCONAVwA,spotify:track:11BKm0j4eYoCPPpCONAVwA,https://api.spotify.com/v1/tracks/11BKm0j4eYoCPPpCONAVwA,https://api.spotify.com/v1/audio-analysis/11BKm0j4eYoCPPpCONAVwA,244760,4
99,3sYBFUXTv0STUoUINx9Qe8,Watermelon Moonshine,Lainey Wilson,0.739,0.413,1,-6.709,1,0.0282,0.47,2.51e-05,0.131,0.649,139.921,audio_features,3sYBFUXTv0STUoUINx9Qe8,spotify:track:3sYBFUXTv0STUoUINx9Qe8,https://api.spotify.com/v1/tracks/3sYBFUXTv0STUoUINx9Qe8,https://api.spotify.com/v1/audio-analysis/3sYBFUXTv0STUoUINx9Qe8,208853,4
